{
  "$schema": "http://json-schema.org/draft-04/schema#",
  "type": "object",
  "title": "Esquema de validación para bookingPackage.",
  "description": "Este esquema contiene los datos que se envían como parámetros de entrada para la reserva de un paquete.",
  "properties": {
    "package_fare_id": {
      "type": "integer",
      "title": "Identificador del paquete.",
      "description": "Con este dato se puede acceder a la tabla de integración para saber cual es el operador y obtener la tarifa para la cantidad de pasageros ."
    },
    "Passenger": {
      "type": "array",
      "title": "Pasajeros que van a reservar.",
      "description": "Lista de los pasajeros que reservarán junto con los datos necesarios de cada uno para la reserva.",
      "items": {
        "type": "object",
        "title": "Objeto Passenger.",
        "description": "Este objeto contiene el conjunto de los datos necesario por cada uno para poder realizar la reserva.",
        "properties": {
          "name": {
            "type": "string",
            "title": "Nombre del pasajero."
          },
          "surname": {
            "type": "string",
            "title": "Apellido del pasajero."
          },
          "kind_doc": {
            "type": "string",
            "title": "Tipo de documento.",
            "description": "Dependiendo de la documentación DNI o PASS, en otros países puede ser otro.."
          },
          "num_doc": {
            "type": "string",
            "title": "Número de documento.",
            "description": "Es el número del tipo de documento que se especificó en el item anterior."
          },
          "gender": {
            "type": "string",
            "title": "Gnénero del pasajero.",
            "enum": ["F","M"]
          },
          "birthdate": {
            "type": "string",
            "title": "Fecha de nacimiento del pasajero."
          },
          "residence": {
            "type": "string",
            "title": "País de residencia del pasajero.",
            "enum":["AD","AE","AF","AG","AG","AI","AL","AM","AO","AR","AS","AT","AU","AW","AZ","BA","BB","BD","BE","BF","BG","BH","BI","BJ","BM","BN","BO","BQ","BQ","BQ","BR","BS","BT","BW","BY","BZ","CA","CD","CG","CH","CI","CK","CL","CM","CN","CO","CR","CS","CV","CW","CY","CZ","DE","DJ","DK","DM","DO","DZ","EC","EE","EG","ER","ES","ET","FI","FJ","FM","FO","FR","GA","GD","GE","GF","GH","GI","GL","GM","GN","GP","GP","GR","GT","GU","GY","HK","HN","HR","HT","HU","ID","IE","IL","IN","IQ","IS","IT","IT","IT","JM","JO","JP","KE","KG","KH","KN","KR","KW","KY","KZ","LA","LB","LC","LI","LK","LR","LS","LT","LU","LV","LY","MA","MC","MD","MF","MG","MH","MK","ML","MN","MP","MQ","MR","MS","MT","MU","MV","MW","MX","MY","NA","NC","NE","NG","NI","NL","NO","NP","NZ","OM","PA","PE","PF","PG","PH","PK","PL","PS","PT","PW","PY","QA","RE","RO","RU","RW","SA","SC","SE","SG","SI","SK","SN","SR","SV","SX","SY","SZ","TC","TD","TG","TH","TL","TN","TO","TR","TT","TW","TZ","UA","UG","US","US","UY","UZ","VC","VE","VG","VI","VN","VU","WF","WS","YE","ZA","ZM","ZW"]
          },
          "nationality": {
            "type": "string",
            "title": "Nacionalidad del pasajero.",
            "enum":["AD","AE","AF","AG","AG","AI","AL","AM","AO","AR","AS","AT","AU","AW","AZ","BA","BB","BD","BE","BF","BG","BH","BI","BJ","BM","BN","BO","BQ","BQ","BQ","BR","BS","BT","BW","BY","BZ","CA","CD","CG","CH","CI","CK","CL","CM","CN","CO","CR","CS","CV","CW","CY","CZ","DE","DJ","DK","DM","DO","DZ","EC","EE","EG","ER","ES","ET","FI","FJ","FM","FO","FR","GA","GD","GE","GF","GH","GI","GL","GM","GN","GP","GP","GR","GT","GU","GY","HK","HN","HR","HT","HU","ID","IE","IL","IN","IQ","IS","IT","IT","IT","JM","JO","JP","KE","KG","KH","KN","KR","KW","KY","KZ","LA","LB","LC","LI","LK","LR","LS","LT","LU","LV","LY","MA","MC","MD","MF","MG","MH","MK","ML","MN","MP","MQ","MR","MS","MT","MU","MV","MW","MX","MY","NA","NC","NE","NG","NI","NL","NO","NP","NZ","OM","PA","PE","PF","PG","PH","PK","PL","PS","PT","PW","PY","QA","RE","RO","RU","RW","SA","SC","SE","SG","SI","SK","SN","SR","SV","SX","SY","SZ","TC","TD","TG","TH","TL","TN","TO","TR","TT","TW","TZ","UA","UG","US","US","UY","UZ","VC","VE","VG","VI","VN","VU","WF","WS","YE","ZA","ZM","ZW"]
          },
          "mail": {
            "type": "string",
            "title": "Mail del pasajero."
          },
          "tax_satus": {
            "type": "string",
            "title": "Condición tributaria del pasajero.",
          }
        },
        "required": [
          "name",
          "surname",
          "kind_doc",
          "num_doc",
          "gender",
          "birthdate",
          "residence",
          "nationality",
          "mail"
        ]
      }
    }
  },
  "required": [
    "package_fare_id",
    "Passenger"
  ]
}