{
  "$schema": "http://json-schema.org/draft-04/schema#",
  "type": "object",
  "title": "Resultados devueltos por el método getPackageList.",
  "description": "El método devuelve el una página del resultado de búsqueda.",
  "properties": {
    "result": {
      "type": "array",
      "title": "Paquetes resultantes de la búsqueda.",
      "description": "Esta propiedad contiene el conjunto de paquetes pertenecientes la pagína actual.",
      "items": {
        "type": "object",
        "title": "Paquete devuelto desde la búsqueda.",
        "description": "Cada item del arreglo representa un paquete turístico.",
        "properties": {
          "id": {
            "type": "integer",
            "title": "Id del paquete.",
            "description": "Identificador de paquete que permite buscarlo dentro de todos los paquetes integrado de todos los operadores."
          },
          "title": {
            "type": "string",
            "title": "Titulo del paquete.",
            "description": "Nombre con el cual se lo identifica al paquete."
          },
          "transport": {
            "type": "integer",
            "title": "Transporte.",
            "description": "Indica si el paquete tiene transporte al primer destino de recorrida del paquete: 0 = NO INCLUYE | 1 = SIN INCLUYE."
          },
          "Category": {
            "type": "array",
            "title": "Lista de categorías.",
            "description": "Las categorías sirven a modo de palabras clave o identificaciones del tipo de paquete.",
            "items": {
              "type": "object",
              "title": "Objeto categoría.",
              "properties": {
                "name": {
                  "type": "string",
                  "title": "Nombre de la categoría."
                }
              },
              "required": [
                "name"
              ]
            }
          },
          "Service": {
            "type": "array",
            "title": "Lista de servicios.",
            "description": "Todos los servicios que incluye el paquete en su precio final, se especifican aquí.",
            "items": {
              "type": "object",
              "title": "Objeto servicio.",
              "properties": {
                "ServiceKind": {
                  "type": "object",
                  "title": "Tipo de servicio.",
                  "description": "Representa una agrupación de servicios bajo una misma nomenclatura.",
                  "properties": {
                    "name": {
                      "type": "string",
                      "title": "Nombre de tipo de servicio."
                    }
                  },
                  "required": [
                    "name"
                  ]
                },
                "detail": {
                  "type": "string",
                  "title": "Detalles del servicio.",
                  "description": "Descripción del servicio completa."
                }
              },
              "required": [
                "ServiceKind",
                "detail"
              ]
            }
          },
          "Image": {
            "type": "array",
            "title": "Imagenes del paquete.",
            "description": "Lista que contiene imágenes de los destinos que recorre el paquete.",
            "items": {
              "type": "object",
              "title": "Imágen de destino.",
              "description": "Cada item de la lista representa una imágen.",
              "properties": {
                "picture": {
                  "type": "string",
                  "title": "URL de la imágen.",
                  "description": "Dirección absoluta de la imagen en 600x400."
                },
                "thumbnail": {
                  "type": "string",
                  "title": "URL del thumbnail del a imágen.",
                  "description": "Thumbnail de la imágen para evitar trasferencias de datos necesaria para cuando se necesita mostrar una imágen pequeña."
                }
              },
              "required": [
                "picture",
                "thumbnail"
              ]
            }
          },
          "Departure": {
            "type": "object",
            "title": "Datos de salida y llegada.",
            "description": "Todos los datos de la salida y la llegada, incluyendo la ruta empresa de trasnporte, etc..",
            "properties": {
              "Route": {
                "type": "array",
                "title": "Ruta.",
                "description": "Tramos que recorrera el pasajero hasta arrivar a destino.",
                "items": {
                  "type": "object",
                  "title": "Tramo.",
                  "description": "Cada item representa un tramo del viaje.",
                  "properties": {
                    "direction": {
                      "type": "integer",
                      "minimum":0,
                      "maximum":1,
                      "title": "Dirección del viaje.",
                      "description": "Expresa si el tramo es parte del viaje de ida o vuelta: 1 = IDA | 2 = VUETLA."
                    },
                    "DeparturePlace": {
                      "type": "object",
                      "title": "Lugar de salida del tramo.",
                      "properties": {
                        "name": {
                          "type": "string",
                          "title": "Nombre del lugar de salida."
                        },
                        "iata": {
                          "type": "string",
                          "title": "Código IATA del lugar de salida.",
                          "minLength": 3,
                          "maxLength": 3
                        }
                      },
                      "required": [
                        "name",
                        "iata"
                      ]
                    },
                    "travel_number": {
                      "type": "string",
                      "title": "Número de viaje.",
                      "description": "Número de vuelo para el caso de los aereos y viaje en caso de bus o barco."
                    },
                    "arrival_time": {
                      "type": "string",
                      "title": "Hora de llegada al ArrivalPlace."
                    },
                    "TransportCompany": {
                      "type": "object",
                      "title": "Empresa de transporte.",
                      "properties": {
                        "name": {
                          "type": "string",
                          "title": "Nombre de la empresa de transporte."
                        }
                      },
                      "required": [
                        "name"
                      ]
                    },
                    "ArrivalPlace": {
                      "type": "object",
                      "title": "Lugar de llegada del tramo.",
                      "properties": {
                        "name": {
                          "type": "string",
                          "title": "Name schema.",
                          "description": "An explanation about the purpose of this instance."
                        },
                        "iata": {
                          "type": "string",
                          "title": "Código IATA del destino de salida.",
                          "minLength": 3,
                          "maxLength": 3
                        }
                      },
                      "required": [
                        "name",
                        "iata"
                      ]
                    },
                    "order_number": {
                      "type": "integer",
                      "title": "Orden del trama.",
                      "description": "El orden es numero y ascendente de 1 en adelante. El orden se repite en base a si el tramo es de ida o de vuelta."
                    },
                    "departure_time": {
                      "type": "string",
                      "title": "Hora de salida al desde el DeparturePlace."
                    }
                  },
                  "required": [
                    "direction",
                    "DeparturePlace",
                    "travel_number",
                    "arrival_time",
                    "TransportCompany",
                    "ArrivalPlace",
                    "order_number",
                    "departure_time"
                  ]
                }
              },
              "Place": {
                "type": "object",
                "title": "Lugar de salida.",
                "description": "Desde este punto comienza el paquete.",
                "properties": {
                  "name": {
                    "type": "string",
                    "title": "Nombre del lugar de salida."
                  },
                  "iata":{
                    "type": "string",
                    "title": "Código IATA del lugar de salida.",
                    "minLength": 3,
                    "maxLength": 3
                  }
                },
                "required": [
                  "name",
                  "iata"
                ]
              },
              "date": {
                "type": "string",
                "title": "Fecha de salida.",
                "description": "Fecha en la que comienza el paquete."
              },
              "transport_kind": {
                "type": "string",
                "enum":["airline", "bus", "cruise"],
                "title": "Tipo de transporte.",
                "description": "Puerde ser airline, bus o cruise."
              }
            },
            "required": [
              "Route",
              "quotas",
              "package_id",
              "Place",
              "date",
              "transport_kind"
            ]
          },
          "Place": {
            "type": "array",
            "title": "Lista de destinos.",
            "description": "Todos los destinos qeu recorre el paquete estan en esta lista.",
            "items": {
              "type": "object",
              "title": "Destino.",
              "description": "Cada item representa uno de los destino que recorre el paquete y en el orden de la lista es el orden de recorrida.",
              "properties": {
                "name": {
                  "type": "string",
                  "title": "Nombre del destino."
                },
                "Country": {
                  "type": "object",
                  "title": "País al cual pertenece el destino.",
                  "properties": {
                    "iata": {
                      "type": "string",
                      "minLength": 2,
                      "maxLength": 2,
                      "title": "Código IATA del país."
                    },
                    "name": {
                      "type": "string",
                      "title": "Nombre del país."
                    }
                  },
                  "required": [
                    "iata",
                    "name"
                  ]
                },
                "iata": {
                  "type": "string",
                  "minLength": 3,
                  "maxLength": 3,
                  "title": "Código IATA del destino."
                }
              },
              "required": [
                "name",
                "Country",
                "iata"
              ]
            }
          },
          "Price": {
            "type": "object",
            "title": "Precio del paquete.",
            "description": "Contiene todos los detalles del precio del paquete.",
            "properties": {
              "currency": {
                "type": "string",
                "enum":["ARS", "USD","EUR"],
                "title": "Tipo de moneda del paquete."
              },
              "Total_Price": {
                "type": "object",
                "title": "Precio total del paquete.",
                "description": "Este objeto contiene los detalles del precio total y su division por impuestos.",
                "properties": {
                  "neto": {
                    "type": "number",
                    "title": "Tarifa neta."
                  },
                  "tax": {
                    "type": "number",
                    "title": "Impuestos."
                  },
                  "vat": {
                    "type": "integer",
                    "title": "IVA."
                  }
                },
                "required": [
                  "neto",
                  "tax",
                  "vat"
                ]
              },
              "price_per_person": {
                "type": "number",
                "title": "Precio por persona.",
                "description": "El precio total se divide entre todos los pasajeros y se obtiene la tarifa final por persona."
              }
            },
            "required": [
              "currency",
              "Total_Price",
              "price_per_person"
            ]
          },
          "Accommodation": {
            "type": "object",
            "title": "Información de hospedaje.",
            "description": "Todos los hoteles que se visitan en cada uno de los destinos que recorre el paquete.",
            "properties": {
              "Hotel": {
                "type": "array",
                "title": "Lista de hoteles.",
                "description": "Todos los hoteles en el mismo orden de recorrida de los destinos.",
                "items": {
                  "type": "object",
                  "title": "Hotel.",
                  "description": "Información de un Hotel en particular.",
                  "properties": {
                    "check_in": {
                      "type": "string",
                      "title": "Fecha de check-in."
                    },
                    "check_out": {
                      "type": "string",
                      "title": "Fecha de check out.",
                      "description": "An explanation about the purpose of this instance."
                    },
                    "star_rating": {
                      "type": "integer",
                      "minimum":1,
                      "maximum":6,
                      "title": "Número de estrellas del hotel."
                    },
                    "name": {
                      "type": "string",
                      "title": "Nombre del hotel."
                    },
                    "Place": {
                      "type": "object",
                      "title": "Destino la que pertenece el hotel.",
                      "properties": {
                        "name": {
                          "type": "string",
                          "title": "Nombre del destino."
                        },
                        "iata": {
                          "type": "string",
                          "minLength": 3,
                          "maxLength": 3,
                          "title": "Código IATA del destino al que pertenece el hotel."
                        }
                      },
                      "required": [
                        "name",
                        "iata"
                      ]
                    },
                    "type_room": {
                      "type": "string",
                      "title": "Tipo de habitación."
                    },
                    "hotel_service": {
                      "type": "string",
                      "title": "Servicio del hotel."
                    }
                  },
                  "required": [
                    "check_in",
                    "check_out",
                    "star_rating",
                    "name",
                    "Place",
                    "type_room",
                    "hotel_service"
                  ]
                }
              }
            },
            "required": [
              "Hotel"
            ]
          }
        },
        "required": [
          "Category",
          "Service",
          "title",
          "Image",
          "Departure",
          "id",
          "Place",
          "Price",
          "Accommodation",
          "transport"
        ]
      }
    },
    "current_page": {
      "type": "string",
      "title": "Página actual.",
      "description": "Página que se esta leyendo de los resultados de búsqueda."
    },
    "total_page": {
      "type": "integer",
      "title": "Cantidad total de páginas.",
      "description": "Todas las páginas que devolvió una búsqueda determinada."
    },
    "item_per_page": {
      "type": "string",
      "title": "Paquetes por página.",
      "description": "Cantidad de paquetes que se retornan en una página."
    }
  },
  "required": [
    "result",
    "current_page",
    "total_page",
    "item_per_page"
  ]
}